{
	"pattrstorage" : 	{
		"name" : "A-ecmPlayer",
		"slots" : 		{
			"1" : 			{
				"id" : 1,
				"data" : 				{
					"fileName" : [ 0 ],
					"1-fileName" : [ "branchesfilter" ],
					"1-reg" : [ 0.162867, 0.226923 ],
					"1-spd" : [ 0.711111 ],
					"2-fileName" : [ "branchesfilter" ],
					"2-reg" : [ 0.162867, 0.180922 ],
					"2-spd" : [ 0.711111 ],
					"3-fileName" : [ "branchesfilter" ],
					"3-reg" : [ 0.162867, 0.217446 ],
					"3-spd" : [ 1.40625 ],
					"4-fileName" : [ "branchesfilter" ],
					"4-reg" : [ 0.162867, 0.213885 ],
					"4-spd" : [ 2.40625 ],
					"5-fileName" : [ "branchesfilter" ],
					"5-reg" : [ 0.162867, 0.177112 ],
					"5-spd" : [ 2.333333 ],
					"6-fileName" : [ "branchesfilter" ],
					"6-reg" : [ 0.162867, 0.180839 ],
					"6-spd" : [ 1.333333 ],
					"7-fileName" : [ "branchesfilter" ],
					"7-reg" : [ 0.162867, 0.220676 ],
					"7-spd" : [ 1.333333 ],
					"8-fileName" : [ "branchesfilter" ],
					"8-reg" : [ 0.162867, 0.184235 ],
					"8-spd" : [ 2.333333 ],
					"indivAmp" : [ 0.078431, 0.109804, 0.094118, 0.062745, 0.062745, 0.078431, 0.062745, 0.047059 ],
					"trackAmp" : [ 1.0 ],
					"newspdtuning::spdTuning" : [ -1 ]
				}

			}

		}

	}

}
