{
	"pattrstorage" : 	{
		"name" : "rdparams",
		"slots" : 		{
			"1" : 			{
				"id" : 1,
				"data" : 				{
					"da" : [ 0.649189 ],
					"db" : [ 0.654065 ],
					"dt" : [ 1.0 ],
					"f" : [ 0.306569 ],
					"k" : [ 0.362031 ]
				}

			}
,
			"2" : 			{
				"id" : 2,
				"data" : 				{
					"da" : [ 0.535169 ],
					"db" : [ 0.654065 ],
					"dt" : [ 1.0 ],
					"f" : [ 0.306569 ],
					"k" : [ 0.362031 ]
				}

			}
,
			"3" : 			{
				"id" : 3,
				"data" : 				{
					"da" : [ 0.636522 ],
					"db" : [ 0.653786 ],
					"dt" : [ 1.0 ],
					"f" : [ 0.200976 ],
					"k" : [ 0.262305 ]
				}

			}
,
			"4" : 			{
				"id" : 4,
				"data" : 				{
					"da" : [ 0.587723 ],
					"db" : [ 0.650588 ],
					"dt" : [ 1.0 ],
					"f" : [ 0.02026 ],
					"k" : [ 0.003072 ]
				}

			}
,
			"5" : 			{
				"id" : 5,
				"data" : 				{
					"da" : [ 0.58458 ],
					"db" : [ 0.67471 ],
					"dt" : [ 1.0 ],
					"f" : [ 0.04631 ],
					"k" : [ 0.024602 ]
				}

			}
,
			"6" : 			{
				"id" : 6,
				"data" : 				{
					"da" : [ 0.468712 ],
					"db" : [ 0.643937 ],
					"dt" : [ 1.0 ],
					"f" : [ 0.763725 ],
					"k" : [ 0.030391 ]
				}

			}
,
			"7" : 			{
				"id" : 7,
				"data" : 				{
					"da" : [ 0.594606 ],
					"db" : [ 0.656909 ],
					"dt" : [ 1.0 ],
					"f" : [ 0.823041 ],
					"k" : [ 0.030391 ]
				}

			}
,
			"8" : 			{
				"id" : 8,
				"data" : 				{
					"da" : [ 0.594606 ],
					"db" : [ 0.656909 ],
					"dt" : [ 1.0 ],
					"f" : [ 0.66116 ],
					"k" : [ 0.035049 ]
				}

			}
,
			"9" : 			{
				"id" : 9,
				"data" : 				{
					"da" : [ 0.160888 ],
					"db" : [ 0.259778 ],
					"dt" : [ 1.0 ],
					"f" : [ 0.103967 ],
					"k" : [ 0.115924 ]
				}

			}
,
			"10" : 			{
				"id" : 10,
				"data" : 				{
					"da" : [ 0.570509 ],
					"db" : [ 0.242513 ],
					"dt" : [ 1.0 ],
					"f" : [ 0.010333 ],
					"k" : [ 0.018813 ]
				}

			}
,
			"11" : 			{
				"id" : 11,
				"data" : 				{
					"da" : [ 0.224615 ],
					"db" : [ 0.265516 ],
					"dt" : [ 1.0 ],
					"f" : [ 0.291274 ],
					"k" : [ 0.254689 ]
				}

			}
,
			"12" : 			{
				"id" : 12,
				"data" : 				{
					"da" : [ 0.577135 ],
					"db" : [ 0.656503 ],
					"dt" : [ 1.0 ],
					"f" : [ 0.116381 ],
					"k" : [ 0.219257 ]
				}

			}

		}

	}

}
